Typ,Słowo kluczowe,Dopasowanie
Słowo kluczowe,"dieta pudełkowa Swarzędz",Dokładne
Słowo kluczowe,"dieta pudełkowa Luboń",Dokładne
Słowo kluczowe,"dieta pudełkowa Mosina",Dokładne
Słowo kluczowe,"dieta pudełkowa Kórnik",Dokładne
Słowo kluczowe,"dieta pudełkowa Puszczykowo",Dokładne
Słowo kluczowe,"dieta pudełkowa Kostrzyn Wielkopolski",Dokładne
Słowo kluczowe,"dieta pudełkowa Murowana Goślina",Dokładne
Słowo kluczowe,"dieta pudełkowa Czerwonak",Dokładne
Słowo kluczowe,"dieta pudełkowa Rokietnica",Dokładne
Słowo kluczowe,"dieta pudełkowa Tarnowo Podgórne",Dokładne
Słowo kluczowe,"dieta pudełkowa Dopiewo",Dokładne
Słowo kluczowe,"dieta pudełkowa Komorniki",Dokładne
Słowo kluczowe,"dieta pudełkowa Pobiedziska",Dokładne
Słowo kluczowe,"dieta pudełkowa Kleszczewo",Dokładne
Słowo kluczowe,"dieta pudełkowa Środa Wielkopolska",Dokładne
Słowo kluczowe,"dieta pudełkowa Śrem",Dokładne
Słowo kluczowe,"dieta pudełkowa Oborniki",Dokładne
Słowo kluczowe,"dieta pudełkowa Szamotuły",Dokładne
Słowo kluczowe,"dieta pudełkowa Buk",Dokładne
Słowo kluczowe,"catering dietetyczny Swarzędz",Dokładne
Słowo kluczowe,"catering dietetyczny Luboń",Dokładne
Słowo kluczowe,"catering dietetyczny Mosina",Dokładne
Słowo kluczowe,"catering dietetyczny Kórnik",Dokładne
Słowo kluczowe,"catering dietetyczny Środa Wielkopolska",Dokładne
Słowo kluczowe,"catering dietetyczny Śrem",Dokładne
Słowo kluczowe,"catering dietetyczny Oborniki",Dokładne
Słowo kluczowe,"catering dietetyczny Szamotuły",Dokładne
Słowo kluczowe,"catering dietetyczny Tarnowo Podgórne",Dokładne
Słowo kluczowe,"catering dietetyczny Czerwonak",Dokładne
Słowo kluczowe,"dostawa diety Swarzędz",Dokładne
Słowo kluczowe,"dostawa diety Luboń",Dokładne
Słowo kluczowe,"dostawa diety Mosina",Dokładne
Słowo kluczowe,"dostawa diety Kórnik",Dokładne
Słowo kluczowe,"dostawa diety Środa Wielkopolska",Dokładne
Słowo kluczowe,"dostawa diety Śrem",Dokładne
Słowo kluczowe,"dostawa diety Oborniki",Dokładne
Słowo kluczowe,"dostawa diety Szamotuły",Dokładne
Słowo kluczowe,"dostawa diety Tarnowo Podgórne",Dokładne
Słowo kluczowe,"dostawa diety Puszczykowo",Dokładne
Słowo kluczowe,"dostawa diety Komorniki",Dokładne
Wykluczenie,Poznań,Dokładne
Wykluczenie,poznańska,Przybliżone
Wykluczenie,centrum Poznania,Dokładne
